{
  "Sun": {
    "pos": [
      -0.007137179161607904,
      -0.002795997495567612,
      0.0002062985061910257
    ],
    "vel": [
      5.378460339618783e-06,
      -7.406916207973516e-06,
      -9.43429343213747e-08
    ]
  },
  "Mercury": {
    "pos": [
      -0.1372307845370601,
      -0.450083615630924,
      -0.02439200845186075
    ],
    "vel": [
      0.02137177412835578,
      -0.006455396660044872,
      -0.002487957757771483
    ]
  },
  "Venus": {
    "pos": [
      -0.725439475506997,
      -0.03545030569537367,
      0.04122048053303724
    ],
    "vel": [
      0.0008034959761149407,
      -0.02030262561844178,
      -0.0003235458586621571
    ]
  },
  "Earth": {
    "pos": [
      -0.1842722784343177,
      0.964445689270963,
      0.0002022132246085051
    ],
    "vel": [
      -0.01720224660838933,
      -0.003166189060532839,
      1.064592514002072e-08
    ]
  },
  "Moon": {
    "pos": [
      -0.1862215600840044,
      0.9626075632308897,
      0.000444671198490556
    ],
    "vel": [
      -0.01683057613107253,
      -0.003588367637063646,
      -6.634893538849906e-06
    ]
  },
  "Mars": {
    "pos": [
      1.383578742584744,
      -0.01621231564658005,
      -0.03426136426962697
    ],
    "vel": [
      0.0006768779624069969,
      0.0151798411782796,
      0.0003015574290837992
    ]
  },
  "Jupiter": {
    "pos": [
      3.994040256427818,
      2.935779784974931,
      -0.101578984945624
    ],
    "vel": [
      -0.004562948121087195,
      0.006435847855854325,
      7.548691257292337e-05
    ]
  },
  "Saturn": {
    "pos": [
      6.399273249217048,
      6.567192454614989,
      -0.3688696745701767
    ],
    "vel": [
      -0.004286506154280534,
      0.003883395100744251,
      0.0001025581110922691
    ]
  },
  "Uranus": {
    "pos": [
      14.42471809676244,
      -13.73711939965492,
      -0.2379354688209131
    ],
    "vel": [
      0.002683627208509772,
      0.002665254700749824,
      -2.488379610328529e-05
    ]
  },
  "Neptune": {
    "pos": [
      16.8049100760519,
      -24.99455905985419,
      0.1274288139389692
    ],
    "vel": [
      0.002584290670584903,
      0.001769120292270417,
      -9.611096855010698e-05
    ]
  }
}